ticket_id,customer_name,issue_description,resolution,date_submitted
1,Dr. Michael Brooks,Cannot access dashboard after login.,Cleared browser cookies and updated browser.,2024-06-23
2,Shannon Clark,Error 404 when accessing profile page.,Fixed broken URL redirect in backend.,2024-06-18
3,Colin Keith,App freezes when submitting support ticket.,Reinstalled app and used web version.,2024-07-12
4,Louis Gonzalez,Payment processing failed with error code 502.,Retried payment after server maintenance.,2025-03-24
5,Anne Herman,Login error: 'Account locked after too many attempts'.,Unlocked account via admin panel.,2024-07-05
6,Andre Murray,Login fails with two-factor authentication enabled.,Resent 2FA code; login successful.,2024-09-04
7,Maureen Nelson,Error 404 when accessing profile page.,Fixed broken URL redirect in backend.,2024-10-08
8,Damon Anderson MD,Cannot access dashboard after login.,Cleared browser cookies and updated browser.,2024-11-28
9,Stanley Lutz,Payment declined despite sufficient funds.,Contacted bank to whitelist transactions.,2024-09-19
10,Rebecca Moore,Unable to log in due to 'Invalid Credentials' error.,Reset password via 'Forgot Password' link.,2024-04-22
11,Brett Ward,Login error: 'Account locked after too many attempts'.,Unlocked account via admin panel.,2024-03-24
12,Christine Burgess,Slow loading times on dashboard.,Optimized server response time and cleared CDN cache.,2024-11-10
13,Edward Moore,Payment declined despite sufficient funds.,Contacted bank to whitelist transactions.,2024-11-29
14,Jennifer Shea,Unable to log in due to 'Invalid Credentials' error.,Reset password via 'Forgot Password' link.,2024-06-24
15,Juan Santos,App freezes when submitting support ticket.,Reinstalled app and used web version.,2024-05-12
16,Michael Banks,Error 404 when accessing profile page.,Fixed broken URL redirect in backend.,2024-07-30
17,Robert Adams,Login page crashes on mobile device.,Updated app and cleared cache.,2024-05-10
18,Nicole Goodwin,Cannot access dashboard after login.,Cleared browser cookies and updated browser.,2024-10-23
19,Brandy Harper,Error 404 when accessing profile page.,Fixed broken URL redirect in backend.,2024-11-05
20,Julie Rich,Payment declined despite sufficient funds.,Contacted bank to whitelist transactions.,2024-07-24
21,Patrick Jackson,Payment processing failed with error code 502.,Retried payment after server maintenance.,2025-01-09
22,Ashley Carter,Login fails with two-factor authentication enabled.,Resent 2FA code; login successful.,2024-09-11
23,Laura Joseph,Login fails with two-factor authentication enabled.,Resent 2FA code; login successful.,2024-06-26
24,Frederick Morris,App freezes when submitting support ticket.,Reinstalled app and used web version.,2024-07-29
25,David Smith,Error 404 when accessing profile page.,Fixed broken URL redirect in backend.,2024-09-20
26,Vincent Nelson,Unable to log in due to 'Invalid Credentials' error.,Reset password via 'Forgot Password' link.,2024-08-22
27,Mrs. Christine Mitchell,Unable to log in due to 'Invalid Credentials' error.,Reset password via 'Forgot Password' link.,2024-11-16
28,Eric Underwood,App freezes when submitting support ticket.,Reinstalled app and used web version.,2024-03-25
29,Brian Moody,Login error: 'Account locked after too many attempts'.,Unlocked account via admin panel.,2024-07-24
30,Michael Dodson,Login fails with two-factor authentication enabled.,Resent 2FA code; login successful.,2024-06-12
31,Melanie Hoover,Cannot access dashboard after login.,Cleared browser cookies and updated browser.,2025-02-18
32,Timothy Phillips,App freezes when submitting support ticket.,Reinstalled app and used web version.,2024-05-06
33,Laura Floyd,Slow loading times on dashboard.,Optimized server response time and cleared CDN cache.,2024-12-27
34,Jennifer Wells,Login error: 'Account locked after too many attempts'.,Unlocked account via admin panel.,2024-07-04
35,Jessica Williams,App freezes when submitting support ticket.,Reinstalled app and used web version.,2025-01-20
36,Deborah Velasquez,Error 404 when accessing profile page.,Fixed broken URL redirect in backend.,2024-09-13
37,Victor Conner,Login error: 'Account locked after too many attempts'.,Unlocked account via admin panel.,2024-06-05
38,Elizabeth Waller,Cannot access dashboard after login.,Cleared browser cookies and updated browser.,2024-10-05
39,Monica Stevens,App freezes when submitting support ticket.,Reinstalled app and used web version.,2024-12-09
40,Jillian Moreno,Login page crashes on mobile device.,Updated app and cleared cache.,2024-07-27
41,Elizabeth Scott,Payment processing failed with error code 502.,Retried payment after server maintenance.,2024-09-03
42,Zachary Williams,Error 404 when accessing profile page.,Fixed broken URL redirect in backend.,2024-09-25
43,Joshua Marshall,App freezes when submitting support ticket.,Reinstalled app and used web version.,2024-07-26
44,Mariah Campos,App freezes when submitting support ticket.,Reinstalled app and used web version.,2024-06-13
45,Madison Anderson,Unable to log in due to 'Invalid Credentials' error.,Reset password via 'Forgot Password' link.,2024-05-14
46,Amanda Scott,Payment processing failed with error code 502.,Retried payment after server maintenance.,2024-06-20
47,Clinton Brown,App freezes when submitting support ticket.,Reinstalled app and used web version.,2024-07-20
48,Mrs. Whitney Miller MD,Unable to log in due to 'Invalid Credentials' error.,Reset password via 'Forgot Password' link.,2024-07-17
49,David Oconnell,Slow loading times on dashboard.,Optimized server response time and cleared CDN cache.,2025-02-16
50,Deborah Jackson,Payment processing failed with error code 502.,Retried payment after server maintenance.,2024-10-27
51,Danielle Allen,Cannot access dashboard after login.,Cleared browser cookies and updated browser.,2024-12-17
52,Ronald Collins,Login error: 'Account locked after too many attempts'.,Unlocked account via admin panel.,2024-10-13
53,Jorge Kane,Login page crashes on mobile device.,Updated app and cleared cache.,2024-05-07
54,Donald Gonzalez,Login page crashes on mobile device.,Updated app and cleared cache.,2025-01-14
55,Robert Smith,Slow loading times on dashboard.,Optimized server response time and cleared CDN cache.,2024-03-31
56,Mr. Zachary Kennedy,Login fails with two-factor authentication enabled.,Resent 2FA code; login successful.,2024-08-15
57,Jeffrey Wilson,Cannot access dashboard after login.,Cleared browser cookies and updated browser.,2024-05-09
58,Darryl Ibarra,Error 404 when accessing profile page.,Fixed broken URL redirect in backend.,2024-11-16
59,Matthew Bryant,Payment processing failed with error code 502.,Retried payment after server maintenance.,2025-01-06
60,Manuel Bruce,Cannot access dashboard after login.,Cleared browser cookies and updated browser.,2024-11-15
61,Shaun Nguyen,Cannot access dashboard after login.,Cleared browser cookies and updated browser.,2024-07-27
62,Carolyn Archer,Error 404 when accessing profile page.,Fixed broken URL redirect in backend.,2024-06-26
63,Julie Armstrong,Unable to log in due to 'Invalid Credentials' error.,Reset password via 'Forgot Password' link.,2025-03-13
64,William Harper,Error 404 when accessing profile page.,Fixed broken URL redirect in backend.,2024-12-30
65,Brandon Rowe,Payment processing failed with error code 502.,Retried payment after server maintenance.,2025-02-04
66,James Schaefer,Login error: 'Account locked after too many attempts'.,Unlocked account via admin panel.,2025-01-27
67,Steven Frost,Login page crashes on mobile device.,Updated app and cleared cache.,2024-05-03
68,Sarah Dixon,Login error: 'Account locked after too many attempts'.,Unlocked account via admin panel.,2024-08-31
69,Theresa Gregory,Slow loading times on dashboard.,Optimized server response time and cleared CDN cache.,2024-05-17
70,Jordan Dalton,Error 404 when accessing profile page.,Fixed broken URL redirect in backend.,2024-06-23
71,Mitchell George,Unable to log in due to 'Invalid Credentials' error.,Reset password via 'Forgot Password' link.,2025-01-24
72,Christina Donaldson,Slow loading times on dashboard.,Optimized server response time and cleared CDN cache.,2024-07-21
73,Paul Park,Login page crashes on mobile device.,Updated app and cleared cache.,2024-12-20
74,Jeffrey Brown,Error 404 when accessing profile page.,Fixed broken URL redirect in backend.,2025-01-29
75,Austin Vargas,Error 404 when accessing profile page.,Fixed broken URL redirect in backend.,2024-11-25
76,Tiffany Fox,Slow loading times on dashboard.,Optimized server response time and cleared CDN cache.,2025-01-02
77,Carl Clark,App freezes when submitting support ticket.,Reinstalled app and used web version.,2024-11-24
78,Kayla Fernandez,Cannot access dashboard after login.,Cleared browser cookies and updated browser.,2024-05-27
79,Jesse Sanchez,Payment declined despite sufficient funds.,Contacted bank to whitelist transactions.,2025-03-02
80,Cheyenne Ochoa,Payment processing failed with error code 502.,Retried payment after server maintenance.,2024-08-13
81,Wendy Williams,Payment processing failed with error code 502.,Retried payment after server maintenance.,2024-05-09
82,Paige Warren,Error 404 when accessing profile page.,Fixed broken URL redirect in backend.,2024-06-02
83,Joshua Graham,App freezes when submitting support ticket.,Reinstalled app and used web version.,2024-05-03
84,Vincent Avila,Login fails with two-factor authentication enabled.,Resent 2FA code; login successful.,2024-06-16
85,Kelly Smith,Slow loading times on dashboard.,Optimized server response time and cleared CDN cache.,2024-04-04
86,Johnny Francis,Slow loading times on dashboard.,Optimized server response time and cleared CDN cache.,2024-05-14
87,Sonya Young,Payment declined despite sufficient funds.,Contacted bank to whitelist transactions.,2024-08-03
88,Denise Price,Slow loading times on dashboard.,Optimized server response time and cleared CDN cache.,2024-11-01
89,Pamela Bailey,Login page crashes on mobile device.,Updated app and cleared cache.,2024-11-15
90,Donna Contreras,Payment declined despite sufficient funds.,Contacted bank to whitelist transactions.,2024-12-03
91,Morgan Morgan,Payment declined despite sufficient funds.,Contacted bank to whitelist transactions.,2024-03-30
92,Eugene Wilson,Error 404 when accessing profile page.,Fixed broken URL redirect in backend.,2024-05-19
93,Latoya Brown,App freezes when submitting support ticket.,Reinstalled app and used web version.,2024-04-17
94,Deborah Parsons,Error 404 when accessing profile page.,Fixed broken URL redirect in backend.,2025-03-08
95,Matthew Cooper,Error 404 when accessing profile page.,Fixed broken URL redirect in backend.,2025-02-15
96,Autumn Jordan,Slow loading times on dashboard.,Optimized server response time and cleared CDN cache.,2024-08-11
97,Andrea Ford,Error 404 when accessing profile page.,Fixed broken URL redirect in backend.,2024-09-23
98,Kristin Christian,Login error: 'Account locked after too many attempts'.,Unlocked account via admin panel.,2024-08-24
99,Jasmine Frank,Unable to log in due to 'Invalid Credentials' error.,Reset password via 'Forgot Password' link.,2024-11-07
100,Amy Mendoza,Payment processing failed with error code 502.,Retried payment after server maintenance.,2024-10-30
101,Christopher Anderson,Cannot access dashboard after login.,Cleared browser cookies and updated browser.,2024-08-16
102,Alexander Rose,Error 404 when accessing profile page.,Fixed broken URL redirect in backend.,2025-01-31
103,Sean Odonnell,Slow loading times on dashboard.,Optimized server response time and cleared CDN cache.,2024-08-12
104,Whitney Jackson,App freezes when submitting support ticket.,Reinstalled app and used web version.,2024-04-13
105,Elizabeth Baldwin,Login page crashes on mobile device.,Updated app and cleared cache.,2024-03-29
106,Michael Dixon,Payment processing failed with error code 502.,Retried payment after server maintenance.,2024-07-23
107,Joseph Huffman,Login fails with two-factor authentication enabled.,Resent 2FA code; login successful.,2024-04-03
108,Donna Johnson,App freezes when submitting support ticket.,Reinstalled app and used web version.,2024-03-27
109,Michaela Herrera,Cannot access dashboard after login.,Cleared browser cookies and updated browser.,2024-04-21
110,Duane Guzman,Slow loading times on dashboard.,Optimized server response time and cleared CDN cache.,2024-08-12
111,Anne Torres,Login page crashes on mobile device.,Updated app and cleared cache.,2024-09-04
112,Michael Ho,Login fails with two-factor authentication enabled.,Resent 2FA code; login successful.,2025-03-14
113,Madison Hernandez,Login page crashes on mobile device.,Updated app and cleared cache.,2024-06-09
114,Chad Sutton,Payment processing failed with error code 502.,Retried payment after server maintenance.,2024-09-02
115,Drew Rodriguez,Error 404 when accessing profile page.,Fixed broken URL redirect in backend.,2025-02-19
116,Michael Johnson,Error 404 when accessing profile page.,Fixed broken URL redirect in backend.,2024-06-14
117,Amanda Marshall,Login fails with two-factor authentication enabled.,Resent 2FA code; login successful.,2024-06-06
118,Amber Johnson,Error 404 when accessing profile page.,Fixed broken URL redirect in backend.,2024-10-03
119,Julie Harvey,Error 404 when accessing profile page.,Fixed broken URL redirect in backend.,2024-11-09
120,Nicole Price,Cannot access dashboard after login.,Cleared browser cookies and updated browser.,2024-06-07
121,Marc Thompson,Login error: 'Account locked after too many attempts'.,Unlocked account via admin panel.,2024-03-31
122,Gregory Peters,Payment processing failed with error code 502.,Retried payment after server maintenance.,2024-06-01
123,Elizabeth Garcia,Slow loading times on dashboard.,Optimized server response time and cleared CDN cache.,2025-02-05
124,Danny Craig,Login fails with two-factor authentication enabled.,Resent 2FA code; login successful.,2025-02-01
125,Kenneth Harmon,Payment declined despite sufficient funds.,Contacted bank to whitelist transactions.,2024-05-20
126,Amber Copeland,Unable to log in due to 'Invalid Credentials' error.,Reset password via 'Forgot Password' link.,2024-04-15
127,Megan Mcdonald,Login fails with two-factor authentication enabled.,Resent 2FA code; login successful.,2024-06-17
128,Brandon Ferguson,Payment declined despite sufficient funds.,Contacted bank to whitelist transactions.,2024-09-09
129,Theresa Shepherd,Error 404 when accessing profile page.,Fixed broken URL redirect in backend.,2024-10-07
130,Michael Reynolds,Payment processing failed with error code 502.,Retried payment after server maintenance.,2025-03-12
131,James Avila,Payment declined despite sufficient funds.,Contacted bank to whitelist transactions.,2024-06-05
132,Victoria Marshall,Payment processing failed with error code 502.,Retried payment after server maintenance.,2025-01-03
133,Dr. Jerry Yoder MD,Cannot access dashboard after login.,Cleared browser cookies and updated browser.,2024-08-06
134,Jennifer Phillips,Cannot access dashboard after login.,Cleared browser cookies and updated browser.,2024-12-05
135,Julie Pitts,Login error: 'Account locked after too many attempts'.,Unlocked account via admin panel.,2024-07-21
136,Kendra Brown,Login page crashes on mobile device.,Updated app and cleared cache.,2024-10-27
137,Garrett Barron,Payment processing failed with error code 502.,Retried payment after server maintenance.,2024-04-25
138,Heather Patel,Slow loading times on dashboard.,Optimized server response time and cleared CDN cache.,2024-07-17
139,Heather Gibbs,Login fails with two-factor authentication enabled.,Resent 2FA code; login successful.,2024-04-28
140,Anthony Escobar,App freezes when submitting support ticket.,Reinstalled app and used web version.,2024-08-20
141,Anthony Taylor,Payment declined despite sufficient funds.,Contacted bank to whitelist transactions.,2024-09-01
142,Elizabeth Christensen,Login error: 'Account locked after too many attempts'.,Unlocked account via admin panel.,2024-04-02
143,Jacob Brown,Error 404 when accessing profile page.,Fixed broken URL redirect in backend.,2024-05-16
144,John Sims,Cannot access dashboard after login.,Cleared browser cookies and updated browser.,2024-07-28
145,Tiffany French,Slow loading times on dashboard.,Optimized server response time and cleared CDN cache.,2024-07-03
146,Charles Pham,Error 404 when accessing profile page.,Fixed broken URL redirect in backend.,2024-06-30
147,Joann Campbell,Unable to log in due to 'Invalid Credentials' error.,Reset password via 'Forgot Password' link.,2024-09-16
148,Kayla Moore,Payment processing failed with error code 502.,Retried payment after server maintenance.,2024-06-14
149,Rebecca Green,Payment declined despite sufficient funds.,Contacted bank to whitelist transactions.,2024-08-03
150,Teresa Jordan,Unable to log in due to 'Invalid Credentials' error.,Reset password via 'Forgot Password' link.,2024-12-16
151,Kelly Carter,Login error: 'Account locked after too many attempts'.,Unlocked account via admin panel.,2024-12-08
152,Danielle Zhang,Login error: 'Account locked after too many attempts'.,Unlocked account via admin panel.,2024-05-01
153,Susan Gutierrez,Login page crashes on mobile device.,Updated app and cleared cache.,2024-12-29
154,Sean Dyer,Login page crashes on mobile device.,Updated app and cleared cache.,2024-12-04
155,Rebecca Hardy,Payment declined despite sufficient funds.,Contacted bank to whitelist transactions.,2025-03-09
156,Mr. Samuel Bright,Login error: 'Account locked after too many attempts'.,Unlocked account via admin panel.,2024-09-16
157,Jennifer Fox,Login page crashes on mobile device.,Updated app and cleared cache.,2025-02-20
158,Julie Schneider,Payment declined despite sufficient funds.,Contacted bank to whitelist transactions.,2025-02-18
159,James Williams,Cannot access dashboard after login.,Cleared browser cookies and updated browser.,2024-11-11
160,David Simpson,Slow loading times on dashboard.,Optimized server response time and cleared CDN cache.,2024-05-24
161,Steven Foster,Error 404 when accessing profile page.,Fixed broken URL redirect in backend.,2025-03-10
162,Wendy Gregory,Login fails with two-factor authentication enabled.,Resent 2FA code; login successful.,2024-10-29
163,Sara Jackson,Login error: 'Account locked after too many attempts'.,Unlocked account via admin panel.,2024-03-31
164,James Evans,Payment declined despite sufficient funds.,Contacted bank to whitelist transactions.,2024-07-14
165,Kyle Zhang,Slow loading times on dashboard.,Optimized server response time and cleared CDN cache.,2024-10-28
166,Jennifer Jones,Slow loading times on dashboard.,Optimized server response time and cleared CDN cache.,2024-11-08
167,Susan Flores,Cannot access dashboard after login.,Cleared browser cookies and updated browser.,2025-01-25
168,Nicholas Paul,Slow loading times on dashboard.,Optimized server response time and cleared CDN cache.,2024-08-07
169,Richard Padilla,Unable to log in due to 'Invalid Credentials' error.,Reset password via 'Forgot Password' link.,2025-01-20
170,Eric Levine,Login error: 'Account locked after too many attempts'.,Unlocked account via admin panel.,2024-05-24
171,Richard Hebert,Login page crashes on mobile device.,Updated app and cleared cache.,2024-04-26
172,Renee Mccoy,App freezes when submitting support ticket.,Reinstalled app and used web version.,2024-05-09
173,Vernon Molina,Unable to log in due to 'Invalid Credentials' error.,Reset password via 'Forgot Password' link.,2025-01-24
174,James Mendez,Error 404 when accessing profile page.,Fixed broken URL redirect in backend.,2024-04-06
175,Gavin Holloway,Payment declined despite sufficient funds.,Contacted bank to whitelist transactions.,2025-02-20
176,Kari Keller,Payment declined despite sufficient funds.,Contacted bank to whitelist transactions.,2025-02-02
177,Jennifer Rodriguez,Login error: 'Account locked after too many attempts'.,Unlocked account via admin panel.,2024-04-14
178,Dawn Jackson,Error 404 when accessing profile page.,Fixed broken URL redirect in backend.,2024-04-18
179,Amanda Wood,Login page crashes on mobile device.,Updated app and cleared cache.,2024-11-27
180,Claudia Hart,Error 404 when accessing profile page.,Fixed broken URL redirect in backend.,2024-04-07
181,Carla Thornton,Error 404 when accessing profile page.,Fixed broken URL redirect in backend.,2024-12-29
182,Nichole Frazier,Error 404 when accessing profile page.,Fixed broken URL redirect in backend.,2024-11-09
183,Patrick Larson,Unable to log in due to 'Invalid Credentials' error.,Reset password via 'Forgot Password' link.,2024-06-01
184,Lori Carter,Unable to log in due to 'Invalid Credentials' error.,Reset password via 'Forgot Password' link.,2024-07-15
185,Ronald Robles,Slow loading times on dashboard.,Optimized server response time and cleared CDN cache.,2025-02-27
186,Scott Quinn,Slow loading times on dashboard.,Optimized server response time and cleared CDN cache.,2025-03-07
187,William Mccarthy,Error 404 when accessing profile page.,Fixed broken URL redirect in backend.,2024-08-15
188,Victor Duran,Cannot access dashboard after login.,Cleared browser cookies and updated browser.,2025-03-04
189,Patricia Gray,Login fails with two-factor authentication enabled.,Resent 2FA code; login successful.,2024-12-21
190,Lacey Gonzalez,Payment processing failed with error code 502.,Retried payment after server maintenance.,2024-08-09
191,Ann Ford,Payment processing failed with error code 502.,Retried payment after server maintenance.,2024-08-30
192,Vanessa Moon,Login page crashes on mobile device.,Updated app and cleared cache.,2024-07-21
193,Amber Andrews,Login page crashes on mobile device.,Updated app and cleared cache.,2025-01-18
194,Juan Greene,Payment declined despite sufficient funds.,Contacted bank to whitelist transactions.,2024-07-31
195,Sherry Thompson,Login fails with two-factor authentication enabled.,Resent 2FA code; login successful.,2024-10-01
196,Jennifer Hall,App freezes when submitting support ticket.,Reinstalled app and used web version.,2025-02-25
197,Ashley Vega,Cannot access dashboard after login.,Cleared browser cookies and updated browser.,2025-03-08
198,Destiny Ramirez,Payment processing failed with error code 502.,Retried payment after server maintenance.,2024-05-25
199,Alexis Welch,Error 404 when accessing profile page.,Fixed broken URL redirect in backend.,2024-11-15
200,Julia Johnson,Login page crashes on mobile device.,Updated app and cleared cache.,2024-09-05
201,Rebecca Johnson,Login error: 'Account locked after too many attempts'.,Unlocked account via admin panel.,2024-12-10
202,Thomas Lee,Login fails with two-factor authentication enabled.,Resent 2FA code; login successful.,2024-06-14
203,Mark Andrews,Payment processing failed with error code 502.,Retried payment after server maintenance.,2025-03-14
204,Sean Brewer,Login page crashes on mobile device.,Updated app and cleared cache.,2024-09-21
205,William Dean,Login fails with two-factor authentication enabled.,Resent 2FA code; login successful.,2025-01-25
206,Kelly Cochran,Cannot access dashboard after login.,Cleared browser cookies and updated browser.,2025-03-05
207,Adrian Gutierrez,Login page crashes on mobile device.,Updated app and cleared cache.,2024-05-10
208,Rebecca Maxwell,Error 404 when accessing profile page.,Fixed broken URL redirect in backend.,2024-05-20
209,Alan Shelton,Login page crashes on mobile device.,Updated app and cleared cache.,2024-07-09
210,Sarah Grimes,Login fails with two-factor authentication enabled.,Resent 2FA code; login successful.,2024-08-13
211,Colleen Jackson,Cannot access dashboard after login.,Cleared browser cookies and updated browser.,2024-07-23
212,Douglas Bartlett,Login fails with two-factor authentication enabled.,Resent 2FA code; login successful.,2024-10-13
213,Stephanie Chapman,Cannot access dashboard after login.,Cleared browser cookies and updated browser.,2024-09-19
214,Sandra Stevens,Payment declined despite sufficient funds.,Contacted bank to whitelist transactions.,2024-10-04
215,Christine Johnson,Error 404 when accessing profile page.,Fixed broken URL redirect in backend.,2024-08-31
216,Lisa Koch,Login page crashes on mobile device.,Updated app and cleared cache.,2024-03-31
217,Matthew Smith,Login page crashes on mobile device.,Updated app and cleared cache.,2025-01-25
218,Eric Holland,Login error: 'Account locked after too many attempts'.,Unlocked account via admin panel.,2025-01-06
219,Bryan Rodriguez,Payment processing failed with error code 502.,Retried payment after server maintenance.,2024-07-31
220,Molly Peterson,Payment declined despite sufficient funds.,Contacted bank to whitelist transactions.,2024-11-09
221,Lindsay Yang,Login page crashes on mobile device.,Updated app and cleared cache.,2025-01-11
222,Joseph Holmes,Cannot access dashboard after login.,Cleared browser cookies and updated browser.,2024-12-26
223,Derek Hernandez,Payment processing failed with error code 502.,Retried payment after server maintenance.,2024-04-20
224,Gene Hunter,Login fails with two-factor authentication enabled.,Resent 2FA code; login successful.,2024-06-07
225,Susan Terrell,Unable to log in due to 'Invalid Credentials' error.,Reset password via 'Forgot Password' link.,2024-08-22
226,Julie Reed,Cannot access dashboard after login.,Cleared browser cookies and updated browser.,2024-10-08
227,Malik Hartman,Payment processing failed with error code 502.,Retried payment after server maintenance.,2024-10-19
228,John Nash,Unable to log in due to 'Invalid Credentials' error.,Reset password via 'Forgot Password' link.,2024-10-29
229,Jeremiah Burke,Login fails with two-factor authentication enabled.,Resent 2FA code; login successful.,2025-03-15
230,Sally Perez,App freezes when submitting support ticket.,Reinstalled app and used web version.,2024-07-28
231,Lisa Washington,Payment declined despite sufficient funds.,Contacted bank to whitelist transactions.,2025-01-18
232,Andrea Blake,Login error: 'Account locked after too many attempts'.,Unlocked account via admin panel.,2024-07-28
233,Benjamin Robinson,Slow loading times on dashboard.,Optimized server response time and cleared CDN cache.,2024-10-08
234,Paul Warren,App freezes when submitting support ticket.,Reinstalled app and used web version.,2024-10-22
235,Alexander Garcia,App freezes when submitting support ticket.,Reinstalled app and used web version.,2024-06-24
236,Danielle Patel,Login error: 'Account locked after too many attempts'.,Unlocked account via admin panel.,2025-01-23
237,William Valdez,Login page crashes on mobile device.,Updated app and cleared cache.,2024-11-16
238,Rebecca Ortega,Slow loading times on dashboard.,Optimized server response time and cleared CDN cache.,2024-03-30
239,James Jenkins,Slow loading times on dashboard.,Optimized server response time and cleared CDN cache.,2025-03-03
240,Joshua Blake,Login error: 'Account locked after too many attempts'.,Unlocked account via admin panel.,2024-08-04
241,Emily Lee,Login error: 'Account locked after too many attempts'.,Unlocked account via admin panel.,2024-08-13
242,Casey Stewart,Error 404 when accessing profile page.,Fixed broken URL redirect in backend.,2024-04-10
243,Jeremy Reyes,Payment processing failed with error code 502.,Retried payment after server maintenance.,2024-05-03
244,Gregory Roman,Payment processing failed with error code 502.,Retried payment after server maintenance.,2024-09-12
245,Robert Rodriguez,Payment declined despite sufficient funds.,Contacted bank to whitelist transactions.,2024-09-26
246,Cynthia Harris,Slow loading times on dashboard.,Optimized server response time and cleared CDN cache.,2024-10-29
247,Tonya Johnson,Login page crashes on mobile device.,Updated app and cleared cache.,2024-10-31
248,Katie Palmer,Slow loading times on dashboard.,Optimized server response time and cleared CDN cache.,2024-06-10
249,Austin King,Payment declined despite sufficient funds.,Contacted bank to whitelist transactions.,2025-01-21
250,Kayla Leonard,Unable to log in due to 'Invalid Credentials' error.,Reset password via 'Forgot Password' link.,2024-06-12
251,Courtney Bauer,Payment processing failed with error code 502.,Retried payment after server maintenance.,2024-10-05
252,Tara Lopez,Unable to log in due to 'Invalid Credentials' error.,Reset password via 'Forgot Password' link.,2024-11-09
253,Ana Wang,Slow loading times on dashboard.,Optimized server response time and cleared CDN cache.,2025-01-14
254,Sandra Wyatt,Unable to log in due to 'Invalid Credentials' error.,Reset password via 'Forgot Password' link.,2025-02-10
255,Carol Acosta,Payment processing failed with error code 502.,Retried payment after server maintenance.,2024-03-30
256,Lisa Gonzalez,Payment processing failed with error code 502.,Retried payment after server maintenance.,2024-06-12
257,Katherine Hunter,Login fails with two-factor authentication enabled.,Resent 2FA code; login successful.,2024-11-05
258,Jason Smith,Login fails with two-factor authentication enabled.,Resent 2FA code; login successful.,2024-11-24
259,Nancy Pugh,Payment processing failed with error code 502.,Retried payment after server maintenance.,2024-04-03
260,Lance Cohen,Login error: 'Account locked after too many attempts'.,Unlocked account via admin panel.,2024-10-26
261,Steven Velazquez,Payment processing failed with error code 502.,Retried payment after server maintenance.,2024-11-29
262,Samuel Smith,Login error: 'Account locked after too many attempts'.,Unlocked account via admin panel.,2024-10-12
263,Elizabeth Carlson MD,Login page crashes on mobile device.,Updated app and cleared cache.,2024-08-06
264,Henry Klein,Cannot access dashboard after login.,Cleared browser cookies and updated browser.,2024-12-02
265,Jason Jones,Error 404 when accessing profile page.,Fixed broken URL redirect in backend.,2024-12-14
266,Michael Woods,Error 404 when accessing profile page.,Fixed broken URL redirect in backend.,2024-04-01
267,Keith Parker,Login error: 'Account locked after too many attempts'.,Unlocked account via admin panel.,2024-09-12
268,Lawrence Medina Jr.,Login fails with two-factor authentication enabled.,Resent 2FA code; login successful.,2024-07-15
269,Debra Sims,Login fails with two-factor authentication enabled.,Resent 2FA code; login successful.,2024-06-14
270,Joe Steele,App freezes when submitting support ticket.,Reinstalled app and used web version.,2024-06-26
271,Timothy Jackson,Login error: 'Account locked after too many attempts'.,Unlocked account via admin panel.,2025-02-07
272,Kevin Carpenter,Login error: 'Account locked after too many attempts'.,Unlocked account via admin panel.,2025-02-13
273,Alexander Brooks,Payment declined despite sufficient funds.,Contacted bank to whitelist transactions.,2025-01-09
274,Jasmine Johnson,Login page crashes on mobile device.,Updated app and cleared cache.,2024-09-08
275,Lisa Robinson,Login page crashes on mobile device.,Updated app and cleared cache.,2024-04-26
276,Trevor Harrington,Slow loading times on dashboard.,Optimized server response time and cleared CDN cache.,2024-10-27
277,Taylor Morton,Unable to log in due to 'Invalid Credentials' error.,Reset password via 'Forgot Password' link.,2025-01-26
278,Jason May,Slow loading times on dashboard.,Optimized server response time and cleared CDN cache.,2024-10-09
279,Rebekah Moran,Login error: 'Account locked after too many attempts'.,Unlocked account via admin panel.,2024-10-05
280,Kelsey Wells,Cannot access dashboard after login.,Cleared browser cookies and updated browser.,2025-03-09
281,Garrett Robertson,Login error: 'Account locked after too many attempts'.,Unlocked account via admin panel.,2024-04-29
282,Sarah Jones,Slow loading times on dashboard.,Optimized server response time and cleared CDN cache.,2024-09-23
283,Sara Romero,App freezes when submitting support ticket.,Reinstalled app and used web version.,2025-03-17
284,Cynthia Bryant,Login error: 'Account locked after too many attempts'.,Unlocked account via admin panel.,2024-07-28
285,Daniel Long,Login error: 'Account locked after too many attempts'.,Unlocked account via admin panel.,2025-02-18
286,Shannon Vega,App freezes when submitting support ticket.,Reinstalled app and used web version.,2024-06-28
287,Denise Long,Login error: 'Account locked after too many attempts'.,Unlocked account via admin panel.,2024-12-28
288,Cynthia Wood,Login fails with two-factor authentication enabled.,Resent 2FA code; login successful.,2024-09-03
289,Keith Bridges,Payment processing failed with error code 502.,Retried payment after server maintenance.,2025-01-25
290,Herbert Smith,Unable to log in due to 'Invalid Credentials' error.,Reset password via 'Forgot Password' link.,2024-11-02
291,Caitlin Romero,Unable to log in due to 'Invalid Credentials' error.,Reset password via 'Forgot Password' link.,2025-01-18
292,Joseph Smith,Login page crashes on mobile device.,Updated app and cleared cache.,2024-11-03
293,Jamie Lee,Login error: 'Account locked after too many attempts'.,Unlocked account via admin panel.,2024-07-03
294,Donna Robertson,Unable to log in due to 'Invalid Credentials' error.,Reset password via 'Forgot Password' link.,2024-10-15
295,Richard Harris,Cannot access dashboard after login.,Cleared browser cookies and updated browser.,2024-07-30
296,Laurie Barnes,Slow loading times on dashboard.,Optimized server response time and cleared CDN cache.,2024-09-11
297,Angela Herrera,Unable to log in due to 'Invalid Credentials' error.,Reset password via 'Forgot Password' link.,2024-11-10
298,Mark Wilson,Login error: 'Account locked after too many attempts'.,Unlocked account via admin panel.,2024-08-24
299,Natalie Herrera,Payment declined despite sufficient funds.,Contacted bank to whitelist transactions.,2024-08-28
300,Suzanne Guerrero,Login fails with two-factor authentication enabled.,Resent 2FA code; login successful.,2025-03-01
301,Megan Harris,App freezes when submitting support ticket.,Reinstalled app and used web version.,2024-10-07
302,Julie Santos,Unable to log in due to 'Invalid Credentials' error.,Reset password via 'Forgot Password' link.,2024-07-16
303,Jessica Grant,Error 404 when accessing profile page.,Fixed broken URL redirect in backend.,2024-05-21
304,Christine Wang,Login error: 'Account locked after too many attempts'.,Unlocked account via admin panel.,2024-12-12
305,Mrs. Lori Evans,App freezes when submitting support ticket.,Reinstalled app and used web version.,2024-08-05
306,Joshua Lozano,Cannot access dashboard after login.,Cleared browser cookies and updated browser.,2024-10-11
307,Jonathan Reid,Payment declined despite sufficient funds.,Contacted bank to whitelist transactions.,2024-10-30
308,Matthew Stewart,Error 404 when accessing profile page.,Fixed broken URL redirect in backend.,2024-04-19
309,Adam Roberts,Unable to log in due to 'Invalid Credentials' error.,Reset password via 'Forgot Password' link.,2024-08-19
310,Sandra Martinez,Payment declined despite sufficient funds.,Contacted bank to whitelist transactions.,2024-07-03
311,Danielle Banks,Login fails with two-factor authentication enabled.,Resent 2FA code; login successful.,2024-04-22
312,Stephen Trujillo,Login error: 'Account locked after too many attempts'.,Unlocked account via admin panel.,2024-06-12
313,Henry Bonilla,Login fails with two-factor authentication enabled.,Resent 2FA code; login successful.,2024-09-28
314,Laura Rivera,Login error: 'Account locked after too many attempts'.,Unlocked account via admin panel.,2024-07-16
315,Nancy Chapman,Payment processing failed with error code 502.,Retried payment after server maintenance.,2025-01-24
316,Dwayne West,App freezes when submitting support ticket.,Reinstalled app and used web version.,2025-03-03
317,Valerie Nguyen,Payment processing failed with error code 502.,Retried payment after server maintenance.,2024-12-03
318,Carol Davila,Login fails with two-factor authentication enabled.,Resent 2FA code; login successful.,2024-03-30
319,Lori Sanchez,Login page crashes on mobile device.,Updated app and cleared cache.,2024-05-04
320,Margaret Solis,Error 404 when accessing profile page.,Fixed broken URL redirect in backend.,2024-12-12
321,Alicia Hunt,Unable to log in due to 'Invalid Credentials' error.,Reset password via 'Forgot Password' link.,2024-09-17
322,Leslie Stewart,Payment processing failed with error code 502.,Retried payment after server maintenance.,2025-01-31
323,Willie Huber,Login fails with two-factor authentication enabled.,Resent 2FA code; login successful.,2024-06-26
324,Christine Holt,Error 404 when accessing profile page.,Fixed broken URL redirect in backend.,2024-07-15
325,Melissa Clayton,Login page crashes on mobile device.,Updated app and cleared cache.,2024-04-21
326,Paul Hill,Login error: 'Account locked after too many attempts'.,Unlocked account via admin panel.,2025-01-25
327,Richard Freeman,Login page crashes on mobile device.,Updated app and cleared cache.,2025-01-05
328,Lisa Pierce,Login page crashes on mobile device.,Updated app and cleared cache.,2024-05-15
329,Douglas Martinez,App freezes when submitting support ticket.,Reinstalled app and used web version.,2024-06-29
330,Gregory Ford,Payment processing failed with error code 502.,Retried payment after server maintenance.,2025-02-19
331,Cory Douglas,App freezes when submitting support ticket.,Reinstalled app and used web version.,2024-04-13
332,Mrs. Katie May DDS,Slow loading times on dashboard.,Optimized server response time and cleared CDN cache.,2024-05-23
333,Melissa Rivers,Payment processing failed with error code 502.,Retried payment after server maintenance.,2025-03-23
334,Aaron Rogers,Unable to log in due to 'Invalid Credentials' error.,Reset password via 'Forgot Password' link.,2024-08-17
335,Luis Smith,Login page crashes on mobile device.,Updated app and cleared cache.,2025-03-07
336,Shannon Flynn,Login page crashes on mobile device.,Updated app and cleared cache.,2025-02-19
337,Jesus Logan,Error 404 when accessing profile page.,Fixed broken URL redirect in backend.,2024-07-16
338,Mark Bryant,Payment declined despite sufficient funds.,Contacted bank to whitelist transactions.,2024-09-11
339,Heather Duncan,Login page crashes on mobile device.,Updated app and cleared cache.,2025-03-05
340,Dalton Rodriguez,App freezes when submitting support ticket.,Reinstalled app and used web version.,2024-04-05
341,Aimee Zavala,Login fails with two-factor authentication enabled.,Resent 2FA code; login successful.,2024-12-28
342,Corey Oliver,Login error: 'Account locked after too many attempts'.,Unlocked account via admin panel.,2025-01-30
343,Austin Fox,Error 404 when accessing profile page.,Fixed broken URL redirect in backend.,2024-06-07
344,David Melton,Unable to log in due to 'Invalid Credentials' error.,Reset password via 'Forgot Password' link.,2024-04-12
345,Sheila Baird,Login fails with two-factor authentication enabled.,Resent 2FA code; login successful.,2025-01-03
346,Anthony Livingston,Payment declined despite sufficient funds.,Contacted bank to whitelist transactions.,2024-05-27
347,Frances Johnson,App freezes when submitting support ticket.,Reinstalled app and used web version.,2024-06-30
348,Sarah Perez,Slow loading times on dashboard.,Optimized server response time and cleared CDN cache.,2024-10-15
349,Ronald Conrad,Slow loading times on dashboard.,Optimized server response time and cleared CDN cache.,2025-02-14
350,Ryan Garrett,Unable to log in due to 'Invalid Credentials' error.,Reset password via 'Forgot Password' link.,2024-11-29
351,Brandi Myers,Login page crashes on mobile device.,Updated app and cleared cache.,2025-03-22
352,James Fowler,Unable to log in due to 'Invalid Credentials' error.,Reset password via 'Forgot Password' link.,2024-08-13
353,Tina Graham,Unable to log in due to 'Invalid Credentials' error.,Reset password via 'Forgot Password' link.,2025-01-11
354,Brendan Caldwell,Login error: 'Account locked after too many attempts'.,Unlocked account via admin panel.,2024-12-02
355,Tammy Gilbert,Login page crashes on mobile device.,Updated app and cleared cache.,2024-12-17
356,Phyllis Cohen,App freezes when submitting support ticket.,Reinstalled app and used web version.,2024-12-20
357,Jennifer Smith,Slow loading times on dashboard.,Optimized server response time and cleared CDN cache.,2024-11-15
358,Kara Jackson,Cannot access dashboard after login.,Cleared browser cookies and updated browser.,2024-08-16
359,Cynthia Cooley,Login fails with two-factor authentication enabled.,Resent 2FA code; login successful.,2024-06-22
360,Benjamin Robinson,Payment processing failed with error code 502.,Retried payment after server maintenance.,2024-10-21
361,Anthony Hernandez,App freezes when submitting support ticket.,Reinstalled app and used web version.,2025-02-22
362,Ronald Chandler,Error 404 when accessing profile page.,Fixed broken URL redirect in backend.,2024-07-26
363,Hayley Brady,Login error: 'Account locked after too many attempts'.,Unlocked account via admin panel.,2024-10-16
364,Scott Manning,Unable to log in due to 'Invalid Credentials' error.,Reset password via 'Forgot Password' link.,2025-01-09
365,Sharon Cantrell,Payment declined despite sufficient funds.,Contacted bank to whitelist transactions.,2024-10-27
366,Jacob Glover,Payment processing failed with error code 502.,Retried payment after server maintenance.,2025-03-21
367,Amy Smith,Error 404 when accessing profile page.,Fixed broken URL redirect in backend.,2024-05-30
368,Willie Glenn,App freezes when submitting support ticket.,Reinstalled app and used web version.,2024-12-03
369,Tara Herring,Payment declined despite sufficient funds.,Contacted bank to whitelist transactions.,2025-01-07
370,Preston Rodriguez,Error 404 when accessing profile page.,Fixed broken URL redirect in backend.,2024-05-07
371,Alicia Rhodes,Slow loading times on dashboard.,Optimized server response time and cleared CDN cache.,2025-03-23
372,Christian Stevens,App freezes when submitting support ticket.,Reinstalled app and used web version.,2024-12-12
373,Anthony Holmes,Error 404 when accessing profile page.,Fixed broken URL redirect in backend.,2024-08-07
374,Gina Mcguire,Slow loading times on dashboard.,Optimized server response time and cleared CDN cache.,2024-09-17
375,Robert Smith,Login error: 'Account locked after too many attempts'.,Unlocked account via admin panel.,2024-09-07
376,Jack Edwards,Error 404 when accessing profile page.,Fixed broken URL redirect in backend.,2025-03-09
377,Gregory Campbell,Cannot access dashboard after login.,Cleared browser cookies and updated browser.,2024-06-07
378,Edgar Cobb,Login page crashes on mobile device.,Updated app and cleared cache.,2024-09-11
379,Christine Miller,Payment processing failed with error code 502.,Retried payment after server maintenance.,2025-01-11
380,Anthony Clark,Error 404 when accessing profile page.,Fixed broken URL redirect in backend.,2024-04-27
381,Tammy Green,Cannot access dashboard after login.,Cleared browser cookies and updated browser.,2024-05-04
382,Cesar Middleton,Unable to log in due to 'Invalid Credentials' error.,Reset password via 'Forgot Password' link.,2024-04-15
383,Blake Lopez,Cannot access dashboard after login.,Cleared browser cookies and updated browser.,2024-12-15
384,Jonathan Yates,Login fails with two-factor authentication enabled.,Resent 2FA code; login successful.,2024-09-03
385,William Wheeler,App freezes when submitting support ticket.,Reinstalled app and used web version.,2025-03-04
386,Francis Mcclain,Slow loading times on dashboard.,Optimized server response time and cleared CDN cache.,2024-12-09
387,Timothy Bell,Login error: 'Account locked after too many attempts'.,Unlocked account via admin panel.,2024-03-24
388,Gabriel Carter,Login fails with two-factor authentication enabled.,Resent 2FA code; login successful.,2025-02-24
389,Glenn Morrison,App freezes when submitting support ticket.,Reinstalled app and used web version.,2024-12-10
390,Jennifer Kim,Payment declined despite sufficient funds.,Contacted bank to whitelist transactions.,2024-08-22
391,John Gallegos,Cannot access dashboard after login.,Cleared browser cookies and updated browser.,2024-03-27
392,Jeffrey Woods,Login page crashes on mobile device.,Updated app and cleared cache.,2024-04-06
393,Patrick Wolf,Login page crashes on mobile device.,Updated app and cleared cache.,2024-10-13
394,Sharon Howard,Error 404 when accessing profile page.,Fixed broken URL redirect in backend.,2024-07-20
395,Yolanda Maxwell,Login page crashes on mobile device.,Updated app and cleared cache.,2024-06-19
396,Jordan Ryan,Slow loading times on dashboard.,Optimized server response time and cleared CDN cache.,2024-10-02
397,Daniel Robinson,Login error: 'Account locked after too many attempts'.,Unlocked account via admin panel.,2025-01-26
398,Jacob Barber,Cannot access dashboard after login.,Cleared browser cookies and updated browser.,2024-07-30
399,John Harrington,Login page crashes on mobile device.,Updated app and cleared cache.,2024-08-18
400,Dr. Antonio Collins,Payment declined despite sufficient funds.,Contacted bank to whitelist transactions.,2024-04-28
401,Nicole Rodriguez,Login error: 'Account locked after too many attempts'.,Unlocked account via admin panel.,2024-09-01
402,Terry Davis,Login error: 'Account locked after too many attempts'.,Unlocked account via admin panel.,2024-09-04
403,Elizabeth Jackson,Slow loading times on dashboard.,Optimized server response time and cleared CDN cache.,2024-12-08
404,Chad Sanders,Error 404 when accessing profile page.,Fixed broken URL redirect in backend.,2024-05-21
405,Samantha Villarreal,Slow loading times on dashboard.,Optimized server response time and cleared CDN cache.,2024-05-30
406,Anna Walker,Cannot access dashboard after login.,Cleared browser cookies and updated browser.,2025-01-13
407,Anthony Serrano,Login error: 'Account locked after too many attempts'.,Unlocked account via admin panel.,2025-03-18
408,Ashley Chapman,Payment processing failed with error code 502.,Retried payment after server maintenance.,2024-08-13
409,James Sanchez,App freezes when submitting support ticket.,Reinstalled app and used web version.,2024-09-28
410,Dana Daniels,App freezes when submitting support ticket.,Reinstalled app and used web version.,2024-09-07
411,Maria Gutierrez,Error 404 when accessing profile page.,Fixed broken URL redirect in backend.,2024-03-26
412,Kimberly Williams,Login page crashes on mobile device.,Updated app and cleared cache.,2025-03-08
413,Amy Hurley,Login page crashes on mobile device.,Updated app and cleared cache.,2024-12-17
414,Rebecca Allen,Login error: 'Account locked after too many attempts'.,Unlocked account via admin panel.,2025-03-18
415,Richard Farley,Slow loading times on dashboard.,Optimized server response time and cleared CDN cache.,2024-06-19
416,Lisa Ellis,Login page crashes on mobile device.,Updated app and cleared cache.,2024-09-11
417,Tracy Robinson,Error 404 when accessing profile page.,Fixed broken URL redirect in backend.,2024-11-14
418,Andrew Riley,Payment declined despite sufficient funds.,Contacted bank to whitelist transactions.,2024-09-18
419,Elizabeth Sanchez PhD,App freezes when submitting support ticket.,Reinstalled app and used web version.,2024-10-04
420,Tracy Murphy,Login fails with two-factor authentication enabled.,Resent 2FA code; login successful.,2024-05-23
421,Emily Joseph,Unable to log in due to 'Invalid Credentials' error.,Reset password via 'Forgot Password' link.,2024-09-06
422,Jennifer Jones,Login page crashes on mobile device.,Updated app and cleared cache.,2024-10-24
423,Nicholas Mcgrath,Login error: 'Account locked after too many attempts'.,Unlocked account via admin panel.,2025-01-20
424,Mary Martinez,Error 404 when accessing profile page.,Fixed broken URL redirect in backend.,2024-07-02
425,Stephanie Bautista,Payment declined despite sufficient funds.,Contacted bank to whitelist transactions.,2024-04-11
426,Donald Jones,Payment processing failed with error code 502.,Retried payment after server maintenance.,2024-12-14
427,Daniel Russell,App freezes when submitting support ticket.,Reinstalled app and used web version.,2025-02-10
428,Timothy Kramer,Slow loading times on dashboard.,Optimized server response time and cleared CDN cache.,2024-04-11
429,Andrea Stokes,Payment processing failed with error code 502.,Retried payment after server maintenance.,2024-03-28
430,Rose Obrien,Cannot access dashboard after login.,Cleared browser cookies and updated browser.,2024-05-19
431,Wanda Mcintyre,Payment processing failed with error code 502.,Retried payment after server maintenance.,2024-07-16
432,Ms. Caitlin Hendricks,Payment processing failed with error code 502.,Retried payment after server maintenance.,2025-01-14
433,Mary Gallegos,Error 404 when accessing profile page.,Fixed broken URL redirect in backend.,2025-01-26
434,Roberto Poole,Slow loading times on dashboard.,Optimized server response time and cleared CDN cache.,2025-01-14
435,Tanya Hall,Login fails with two-factor authentication enabled.,Resent 2FA code; login successful.,2025-03-14
436,David Smith,Login page crashes on mobile device.,Updated app and cleared cache.,2024-03-24
437,Krystal Payne,Unable to log in due to 'Invalid Credentials' error.,Reset password via 'Forgot Password' link.,2024-12-09
438,James Wright,Cannot access dashboard after login.,Cleared browser cookies and updated browser.,2025-02-07
439,Nicole Kemp,Login fails with two-factor authentication enabled.,Resent 2FA code; login successful.,2025-01-04
440,Sharon Bennett,Error 404 when accessing profile page.,Fixed broken URL redirect in backend.,2025-03-15
441,Philip Campos,Unable to log in due to 'Invalid Credentials' error.,Reset password via 'Forgot Password' link.,2024-08-24
442,Mr. Matthew Porter,Login page crashes on mobile device.,Updated app and cleared cache.,2024-08-18
443,Kristin Benson,Payment processing failed with error code 502.,Retried payment after server maintenance.,2024-10-24
444,Brianna Garrett,Error 404 when accessing profile page.,Fixed broken URL redirect in backend.,2024-08-18
445,Gabriel Baker,Payment processing failed with error code 502.,Retried payment after server maintenance.,2024-12-29
446,Daniel Smith,Login page crashes on mobile device.,Updated app and cleared cache.,2024-04-06
447,Elizabeth Marsh,Login error: 'Account locked after too many attempts'.,Unlocked account via admin panel.,2024-11-02
448,Michelle Lawrence,Payment declined despite sufficient funds.,Contacted bank to whitelist transactions.,2025-01-28
449,Pamela Powell,Slow loading times on dashboard.,Optimized server response time and cleared CDN cache.,2025-03-12
450,Pamela Johnson,Login page crashes on mobile device.,Updated app and cleared cache.,2024-05-02
451,Wanda Thompson,App freezes when submitting support ticket.,Reinstalled app and used web version.,2024-08-24
452,Ronald Weaver,Payment declined despite sufficient funds.,Contacted bank to whitelist transactions.,2024-09-02
453,Carlos Livingston,Login error: 'Account locked after too many attempts'.,Unlocked account via admin panel.,2024-05-09
454,Thomas Garza,Error 404 when accessing profile page.,Fixed broken URL redirect in backend.,2025-02-06
455,Angela Price,Slow loading times on dashboard.,Optimized server response time and cleared CDN cache.,2024-05-07
456,Mackenzie King,Error 404 when accessing profile page.,Fixed broken URL redirect in backend.,2024-10-26
457,Andrew Orozco,Login page crashes on mobile device.,Updated app and cleared cache.,2024-11-25
458,Kari White,Error 404 when accessing profile page.,Fixed broken URL redirect in backend.,2024-07-02
459,Robert Lee,Login error: 'Account locked after too many attempts'.,Unlocked account via admin panel.,2024-05-20
460,Harold French,Unable to log in due to 'Invalid Credentials' error.,Reset password via 'Forgot Password' link.,2025-02-12
461,Elizabeth Schroeder,Login error: 'Account locked after too many attempts'.,Unlocked account via admin panel.,2025-03-02
462,Michael Moon,Payment declined despite sufficient funds.,Contacted bank to whitelist transactions.,2024-05-31
463,Ryan Blevins,Payment declined despite sufficient funds.,Contacted bank to whitelist transactions.,2025-02-09
464,Tony Jones,Slow loading times on dashboard.,Optimized server response time and cleared CDN cache.,2024-09-11
465,Ricardo Ayala,Login fails with two-factor authentication enabled.,Resent 2FA code; login successful.,2025-02-08
466,Kiara Williams,Payment declined despite sufficient funds.,Contacted bank to whitelist transactions.,2024-09-04
467,Ashley Ford,Error 404 when accessing profile page.,Fixed broken URL redirect in backend.,2024-04-25
468,Jessica Ross,App freezes when submitting support ticket.,Reinstalled app and used web version.,2024-09-04
469,Andrew Howell,Payment processing failed with error code 502.,Retried payment after server maintenance.,2025-02-09
470,Daniel Weber,Unable to log in due to 'Invalid Credentials' error.,Reset password via 'Forgot Password' link.,2024-12-09
471,Leroy Thomas,Login error: 'Account locked after too many attempts'.,Unlocked account via admin panel.,2024-06-23
472,Yesenia Dorsey DVM,Payment processing failed with error code 502.,Retried payment after server maintenance.,2024-10-13
473,Gloria Skinner,Unable to log in due to 'Invalid Credentials' error.,Reset password via 'Forgot Password' link.,2024-12-20
474,Tammy Wood,Error 404 when accessing profile page.,Fixed broken URL redirect in backend.,2024-05-28
475,William Griffin,Payment declined despite sufficient funds.,Contacted bank to whitelist transactions.,2024-08-09
476,Edward Richardson,Payment processing failed with error code 502.,Retried payment after server maintenance.,2024-11-29
477,Maria Lawrence MD,Slow loading times on dashboard.,Optimized server response time and cleared CDN cache.,2024-08-11
478,Stephen Munoz,App freezes when submitting support ticket.,Reinstalled app and used web version.,2024-12-01
479,Tracy Contreras,Cannot access dashboard after login.,Cleared browser cookies and updated browser.,2024-10-27
480,Mary Gallagher MD,Error 404 when accessing profile page.,Fixed broken URL redirect in backend.,2024-08-31
481,Tonya Boone,App freezes when submitting support ticket.,Reinstalled app and used web version.,2024-07-07
482,Mitchell Brewer,Error 404 when accessing profile page.,Fixed broken URL redirect in backend.,2024-08-02
483,Erika Shaw,Login page crashes on mobile device.,Updated app and cleared cache.,2024-07-31
484,Adam Kent,Slow loading times on dashboard.,Optimized server response time and cleared CDN cache.,2024-04-04
485,James Hill,Slow loading times on dashboard.,Optimized server response time and cleared CDN cache.,2024-08-16
486,Jennifer Gordon,Error 404 when accessing profile page.,Fixed broken URL redirect in backend.,2024-05-04
487,Timothy Martin,Payment declined despite sufficient funds.,Contacted bank to whitelist transactions.,2024-12-30
488,Sabrina Holden,Unable to log in due to 'Invalid Credentials' error.,Reset password via 'Forgot Password' link.,2025-01-08
489,Lisa Thompson,Login error: 'Account locked after too many attempts'.,Unlocked account via admin panel.,2024-10-27
490,Scott Brown,Login fails with two-factor authentication enabled.,Resent 2FA code; login successful.,2025-01-24
491,John Sexton,App freezes when submitting support ticket.,Reinstalled app and used web version.,2024-06-25
492,Cynthia Anderson,Payment processing failed with error code 502.,Retried payment after server maintenance.,2024-08-25
493,Jessica Ward,Login fails with two-factor authentication enabled.,Resent 2FA code; login successful.,2024-10-20
494,Linda Martin,Login page crashes on mobile device.,Updated app and cleared cache.,2024-06-16
495,Tara Powers,App freezes when submitting support ticket.,Reinstalled app and used web version.,2024-08-27
496,Matthew Martinez,Login fails with two-factor authentication enabled.,Resent 2FA code; login successful.,2024-12-17
497,Caleb Martinez,Cannot access dashboard after login.,Cleared browser cookies and updated browser.,2024-04-26
498,Mitchell Smith,Login page crashes on mobile device.,Updated app and cleared cache.,2024-07-25
499,Fernando Watson,Slow loading times on dashboard.,Optimized server response time and cleared CDN cache.,2024-06-19
500,Mrs. Sara Goodman,Login error: 'Account locked after too many attempts'.,Unlocked account via admin panel.,2024-06-01
